word, f=freq
word=ISLAMABAD, f=2
word=Politicians, f=1
word=belonging, f=1
word=to, f=12
word=the, f=46
word=ruling, f=2
word=coalition, f=1
word=as, f=9
word=well, f=1
word=opposition, f=2
word=reaffirmed, f=2
word=unwavering, f=2
word=support, f=2
word=ChinaPakistan, f=1
word=Economic, f=3
word=Corridor, f=1
word=project, f=1
word=on, f=6
word=Wednesday, f=2
word=terming, f=1
word=it, f=5
word=a, f=21
word=lifeline, f=1
word=for, f=13
word=countrys, f=5
word=economy, f=1
word=speakers, f=1
word=made, f=2
word=this, f=2
word=observation, f=1
word=at, f=4
word=mutltiparty, f=1
word=moot, f=1
word=held, f=2
word=PakistanChina, f=2
word=Institute, f=2
word=Senator, f=11
word=Mushahid, f=2
word=Hussain, f=1
word=Syed, f=1
word=chairman, f=1
word=of, f=25
word=termed, f=1
word=ties, f=2
word=with, f=4
word=China, f=10
word=central, f=2
word=Pakistans, f=2
word=future, f=3
word=saying, f=1
word=CPEC, f=7
word=has, f=4
word=potential, f=1
word=bring, f=1
word=progress, f=4
word=and, f=19
word=prosperity, f=2
word=event, f=1
word=brought, f=1
word=together, f=1
word=leaders, f=1
word=from, f=7
word=eight, f=1
word=political, f=3
word=parties, f=1
word=including, f=2
word=PMLN, f=1
word=PPP, f=2
word=PTI, f=3
word=MQM, f=1
word=JUIF, f=1
word=highlighted, f=4
word=Communist, f=3
word=Party, f=7
word=Chinas, f=11
word=CPC, f=1
word=pivotal, f=1
word=role, f=5
word=in, f=17
word=journey, f=1
word=reform, f=1
word=modernisation, f=1
word=adding, f=1
word=that, f=7
word=is, f=7
word=worlds, f=1
word=biggest, f=1
word=million, f=1
word=members, f=1
word=listed, f=1
word=five, f=1
word=reasons, f=1
word=behind, f=1
word=success, f=2
word=story, f=3
word=short, f=1
word=time, f=1
word=quality, f=1
word=leadership, f=3
word=ability, f=1
word=do, f=2
word=course, f=2
word=correction, f=2
word=continuity, f=2
word=policy, f=4
word=learning, f=1
word=others, f=1
word=peaceful, f=1
word=foreign, f=2
word=Sherry, f=1
word=Rehman, f=1
word=noted, f=1
word=had, f=2
word=played, f=1
word=crucial, f=1
word=development, f=12
word=Global, f=4
word=South, f=1
word=created, f=1
word=numerous, f=1
word=investment, f=1
word=opportunities, f=1
word=Pakistan, f=6
word=She, f=2
word=praised, f=2
word=Beijings, f=1
word=Security, f=2
word=Initiative, f=1
word=calling, f=1
word=commendable, f=1
word=effort, f=1
word=will, f=1
word=ensure, f=1
word=peace, f=1
word=also, f=3
word=clean, f=1
word=energy, f=1
word=under, f=1
word=significant, f=1
word=contribution, f=1
word=sustainable, f=1
word=region, f=1
word=Maulana, f=1
word=Abdul, f=2
word=Ghafoor, f=1
word=Haideri, f=1
word=an, f=1
word=MNA, f=1
word=Jamiat, f=1
word=UlemaiIslam, f=1
word=underscored, f=1
word=enduring, f=1
word=strength, f=1
word=relations, f=1
word=lauding, f=1
word=President, f=1
word=Xi, f=1
word=Jinpings, f=1
word=his, f=2
word=march, f=1
word=XIs, f=1
word=been, f=1
word=instrumental, f=1
word=driving, f=1
word=remarkable, f=1
word=stage, f=2
word=Saadia, f=1
word=Khaqan, f=1
word=Abbasi, f=1
word=commended, f=1
word=ushering, f=1
word=technological, f=1
word=advancement, f=1
word=human, f=1
word=labour, f=1
word=productivity, f=1
word=focus, f=1
word=unique, f=1
word=selling, f=1
word=point, f=1
word=added, f=1
word=Shibli, f=1
word=Faraz, f=1
word=who, f=1
word=Leader, f=3
word=upper, f=1
word=house, f=1
word=recounted, f=1
word=model, f=1
word=world, f=1
word=He, f=2
word=described, f=1
word=BRI, f=1
word=symbol, f=1
word=shared, f=1
word=stands, f=1
word=beacon, f=1
word=hope, f=1
word=Pakistanis, f=1
word=symbolising, f=1
word=transformative, f=1
word=impact, f=1
word=our, f=1
word=strong, f=1
word=bilateral, f=1
word=relationship, f=1
word=Afrasiab, f=1
word=Khattak, f=1
word=National, f=2
word=Democratic, f=1
word=Movement, f=1
word=said, f=2
word=more, f=1
word=than, f=2
word=just, f=1
word=popular, f=1
word=force, f=1
word=steered, f=1
word=towards, f=1
word=unprecedented, f=1
word=must, f=2
word=learn, f=2
word=become, f=1
word=frontline, f=2
word=state, f=2
word=focusing, f=1
word=geoeconomics, f=1
word=rather, f=1
word=being, f=1
word=conflicts, f=1
word=Jan, f=2
word=Muhammad, f=2
word=Jamali, f=1
word=Balochistans, f=2
word=inextricably, f=1
word=interconnected, f=1
word=goals, f=1
word=past, f=1
word=not, f=2
word=impede, f=1
word=any, f=1
word=cost, f=1
word=Shezra, f=1
word=Mansab, f=1
word=Ali, f=2
word=Parliamentary, f=1
word=Secretary, f=1
word=Ministry, f=1
word=Affairs, f=2
word=Islamabads, f=1
word=OneChina, f=1
word=respect, f=1
word=unity, f=1
word=territorial, f=1
word=integrity, f=1
word=sovereignty, f=1
word=consistently, f=1
word=supported, f=1
word=core, f=1
word=issues, f=1
word=Kashmir, f=1
word=dispute, f=1
word=Buledi, f=1
word=emphasised, f=2
word=importance, f=4
word=enhancing, f=1
word=collaboration, f=1
word=between, f=1
word=universities, f=1
word=their, f=2
word=Chinese, f=2
word=counterparts, f=1
word=Qadir, f=1
word=Balochistan, f=1
word=Awami, f=1
word=pinpointed, f=1
word=wealth, f=1
word=knowledge, f=1
word=experience, f=2
word=can, f=2
word=gain, f=1
word=great, f=1
word=deal, f=1
word=especially, f=1
word=areas, f=1
word=like, f=1
word=infrastructure, f=1
word=governance, f=2
word=MQMs, f=1
word=Taha, f=2
word=Ahmed, f=2
word=strategic, f=1
word=Karachi, f=2
word=business, f=2
word=hub, f=2
word=thanks, f=1
word=its, f=3
word=proximity, f=1
word=only, f=1
word=but, f=1
word=holds, f=1
word=critical, f=1
word=due, f=1
word=close, f=1
word=route, f=1
word=Khan, f=1
word=stated, f=1
word=Zafar, f=1
word=maintaining, f=1
word=principle, f=1
word=seeking, f=1
word=truth, f=1
word=fact, f=1
word=Trailblazer, f=2
word=Yang, f=1
word=Nuo, f=1
word=MinisterCounsellor, f=1
word=embassy, f=1
word=third, f=1
word=plenary, f=1
word=session, f=2
word=th, f=1
word=Committee, f=1
word=last, f=1
word=month, f=1
word=describing, f=1
word=serves, f=1
word=blueprint, f=1
word=further, f=1
word=reforms, f=1
word=setting, f=1
word=continued, f=1
word=Qaiser, f=1
word=Sheikh, f=1
word=Federal, f=1
word=Minister, f=1
word=Maritime, f=1
word=closing, f=1
word=remarks, f=1
word=consensusoriented, f=1
word=decisionmaking, f=1
word=process, f=1
word=decisions, f=1
word=are, f=2
word=through, f=1
word=consensusdriven, f=1
word=approach, f=1
word=ensuring, f=1
word=all, f=1
word=voices, f=1
word=heard, f=1
word=considered, f=1
word=which, f=1
word=contributes, f=1
word=effective, f=1
word=observed, f=1
